,Info,fbrace_99,wtgain_missing,uprevis_missing,cig_rec_0
0,LCM Rank,0.0,2.0,1.0,3.0
1,Prog Rank,0.0,3.0,5.0,6.0
2,LCM Score,0.20018494723659827,0.08943290513524207,0.09901553684899242,0.04920506173192741
3,Prog Score,0.246311813205818,0.047019429649347556,0.03486835284598187,0.028906579430293507
