,Info,fbrace_99,wtgain,cig_rec_0,uprevis_missing
0,LCM Rank,0.0,7.0,3.0,1.0
1,Prog Rank,0.0,2.0,6.0,8.0
2,LCM Score,0.31410104730005883,0.026346117574824756,0.06718890108522298,0.09558063646547661
3,Prog Score,0.3007087677672106,0.08336772698521397,0.026005220999401352,0.012610476228066077
