,Info,fbrace_99,cig_rec_0,wtgain
0,LCM Rank,0.0,1.0,2.0
1,Prog Rank,1.0,2.0,3.0
2,LCM Score,0.5224056081052404,0.06493729489686864,0.05543629473708416
3,Prog Score,0.26321981192474986,0.07208689407753965,0.06205375924250163
