,Info,ufhisp_9,gestrec3_3,fbrace_99,on_ruptr_0,ufhisp_5
0,LCM Rank,1.0,0.0,4.0,3.0,6.0
1,Prog Rank,0.0,1.0,4.0,5.0,8.0
2,LCM Score,0.08025643354302665,0.7010902816255797,0.027027981035118838,0.02978122002520606,0.013854430979175407
3,Prog Score,0.38487834907865154,0.28449756596886694,0.020699158171779097,0.00630263132706006,0.0034262557484730995
